{"last_download_failure": 1754698058.7049131, "last_download_success": 1754704206.4719622, "unseen_downloads": ["/home/lm/.config/variety/Downloaded/Unsplash/photo-1752402614681-aa7966d24086.jpg", "/home/lm/.config/variety/Downloaded/Unsplash/photo-1751795195789-8dab6693475d.jpg", "/home/lm/.config/variety/Downloaded/Unsplash/photo-1749302860502-35be67c058c2.jpg", "/home/lm/.config/variety/Downloaded/Unsplash/photo-1753808298097-56f002db8f6c.jpg", "/home/lm/.config/variety/Downloaded/Unsplash/photo-1742198832597-e43588e8ad28.jpg", "/home/lm/.config/variety/Downloaded/Unsplash/photo-1735927030748-26623a3422ab.jpg", "/home/lm/.config/variety/Downloaded/Unsplash/photo-1751768853626-3737132f25f7.jpg", "/home/lm/.config/variety/Downloaded/Unsplash/photo-1752643719885-d3a7408ec711.jpg", "/home/lm/.config/variety/Downloaded/Unsplash/photo-1752429475222-8eb8c9e7c531.jpg", "/home/lm/.config/variety/Downloaded/Unsplash/photo-1753164682884-047245608dfb.jpg", "/home/lm/.config/variety/Downloaded/Unsplash/photo-1751826608180-c11083538a28.jpg"]}